<?xml version="1.0" encoding="UTF-8"?>
<build-type xmlns:xsi="http://www.w3.org/2001/XMLSchema-instance" uuid="4872dc3b-2e55-4c6b-a747-eb242ede86f4" xsi:noNamespaceSchemaLocation="https://www.jetbrains.com/teamcity/schemas/2021.1/project-config.xsd">
  <name>Build</name>
  <description />
  <settings>
    <parameters />
    <build-runners>
      <runner id="RUNNER_1" name="Maven step on Master" type="Maven2">
        <conditions>
          <equals name="teamcity.build.branch" value="master" />
        </conditions>
        <parameters>
          <param name="goals" value="clean package" />
          <param name="localRepoScope" value="agent" />
          <param name="maven.path" value="%teamcity.tool.maven.DEFAULT%" />
          <param name="pomLocation" value="pom.xml" />
          <param name="runnerArgs" value="-Dmaven.test.failure.ignore=true" />
          <param name="teamcity.step.mode" value="default" />
          <param name="userSettingsSelection" value="userSettingsSelection:default" />
        </parameters>
      </runner>
      <runner id="RUNNER_2" name="Maven step on others" type="Maven2">
        <conditions>
          <does-not-equal name="teamcity.build.branch" value="master" />
        </conditions>
        <parameters>
          <param name="goals" value="clean test" />
          <param name="localRepoScope" value="agent" />
          <param name="maven.path" value="%teamcity.tool.maven.DEFAULT%" />
          <param name="pomLocation" value="pom.xml" />
          <param name="runnerArgs" value="-Dmaven.test.failure.ignore=true" />
          <param name="teamcity.step.mode" value="default" />
          <param name="userSettingsSelection" value="userSettingsSelection:default" />
        </parameters>
      </runner>
    </build-runners>
    <vcs-settings>
      <vcs-entry-ref root-id="ExampleTeamcity_Github" />
    </vcs-settings>
    <requirements />
    <build-triggers>
      <build-trigger id="TRIGGER_1" type="vcsTrigger">
        <parameters>
          <param name="branchFilter" value="+:*" />
          <param name="enableQueueOptimization" value="true" />
          <param name="quietPeriodMode" value="DO_NOT_USE" />
        </parameters>
      </build-trigger>
    </build-triggers>
    <cleanup />
  </settings>
</build-type>

